crop,treatment,replicate,response_index,dry_biomass,tissue_n,response_unit,biomass_unit,tissue_n_unit,data_status
Spring barley,Control,1,97.2,5.06,2.12,index,g pot-1,percent,Synthetic
Spring barley,Control,2,100.8,4.93,2.38,index,g pot-1,percent,Synthetic
Spring barley,Control,3,99.3,5.43,2.1,index,g pot-1,percent,Synthetic
Spring barley,Control,4,101.2,5.74,2.16,index,g pot-1,percent,Synthetic
Spring barley,Control,5,94.0,4.81,2.11,index,g pot-1,percent,Synthetic
Spring barley,Control,6,102.8,5.54,2.24,index,g pot-1,percent,Synthetic
Spring barley,F1,1,115.6,5.95,2.64,index,g pot-1,percent,Synthetic
Spring barley,F1,2,123.9,6.15,2.72,index,g pot-1,percent,Synthetic
Spring barley,F1,3,127.6,6.95,2.85,index,g pot-1,percent,Synthetic
Spring barley,F1,4,123.2,6.22,2.64,index,g pot-1,percent,Synthetic
Spring barley,F1,5,122.2,6.43,2.73,index,g pot-1,percent,Synthetic
Spring barley,F1,6,120.1,6.07,2.58,index,g pot-1,percent,Synthetic
Spring barley,F2,1,113.4,5.99,2.31,index,g pot-1,percent,Synthetic
Spring barley,F2,2,116.7,6.14,2.69,index,g pot-1,percent,Synthetic
Spring barley,F2,3,118.3,6.3,2.57,index,g pot-1,percent,Synthetic
Spring barley,F2,4,115.0,5.88,2.65,index,g pot-1,percent,Synthetic
Spring barley,F2,5,122.0,6.42,2.95,index,g pot-1,percent,Synthetic
Spring barley,F2,6,117.9,6.22,2.62,index,g pot-1,percent,Synthetic
Spring barley,F3,1,112.1,6.18,2.59,index,g pot-1,percent,Synthetic
Spring barley,F3,2,107.4,5.52,2.4,index,g pot-1,percent,Synthetic
Spring barley,F3,3,116.1,5.83,2.37,index,g pot-1,percent,Synthetic
Spring barley,F3,4,105.4,5.47,2.31,index,g pot-1,percent,Synthetic
Spring barley,F3,5,114.4,5.83,2.42,index,g pot-1,percent,Synthetic
Spring barley,F3,6,104.9,5.5,2.34,index,g pot-1,percent,Synthetic
Spring barley,F4,1,121.0,6.41,2.65,index,g pot-1,percent,Synthetic
Spring barley,F4,2,122.4,6.34,2.64,index,g pot-1,percent,Synthetic
Spring barley,F4,3,114.9,5.89,2.35,index,g pot-1,percent,Synthetic
Spring barley,F4,4,117.6,6.15,2.56,index,g pot-1,percent,Synthetic
Spring barley,F4,5,114.1,5.99,2.65,index,g pot-1,percent,Synthetic
Spring barley,F4,6,117.2,6.02,2.53,index,g pot-1,percent,Synthetic
Winter wheat,Control,1,99.7,4.99,2.18,index,g pot-1,percent,Synthetic
Winter wheat,Control,2,100.2,5.49,2.28,index,g pot-1,percent,Synthetic
Winter wheat,Control,3,104.1,5.31,2.34,index,g pot-1,percent,Synthetic
Winter wheat,Control,4,95.4,5.01,2.13,index,g pot-1,percent,Synthetic
Winter wheat,Control,5,96.9,5.34,2.18,index,g pot-1,percent,Synthetic
Winter wheat,Control,6,92.4,4.89,2.0,index,g pot-1,percent,Synthetic
Winter wheat,F1,1,119.0,6.26,2.65,index,g pot-1,percent,Synthetic
Winter wheat,F1,2,110.8,5.59,2.5,index,g pot-1,percent,Synthetic
Winter wheat,F1,3,124.2,6.74,2.88,index,g pot-1,percent,Synthetic
Winter wheat,F1,4,110.8,5.88,2.28,index,g pot-1,percent,Synthetic
Winter wheat,F1,5,125.5,6.56,2.67,index,g pot-1,percent,Synthetic
Winter wheat,F1,6,127.0,6.7,2.64,index,g pot-1,percent,Synthetic
Winter wheat,F2,1,125.2,6.4,2.76,index,g pot-1,percent,Synthetic
Winter wheat,F2,2,122.1,6.56,2.57,index,g pot-1,percent,Synthetic
Winter wheat,F2,3,125.3,6.79,2.69,index,g pot-1,percent,Synthetic
Winter wheat,F2,4,124.8,6.52,2.69,index,g pot-1,percent,Synthetic
Winter wheat,F2,5,126.6,6.6,2.71,index,g pot-1,percent,Synthetic
Winter wheat,F2,6,131.0,6.93,2.87,index,g pot-1,percent,Synthetic
Winter wheat,F3,1,112.5,5.73,2.57,index,g pot-1,percent,Synthetic
Winter wheat,F3,2,114.4,6.02,2.5,index,g pot-1,percent,Synthetic
Winter wheat,F3,3,117.5,6.09,2.65,index,g pot-1,percent,Synthetic
Winter wheat,F3,4,114.3,6.07,2.57,index,g pot-1,percent,Synthetic
Winter wheat,F3,5,114.5,5.83,2.44,index,g pot-1,percent,Synthetic
Winter wheat,F3,6,112.0,5.68,2.53,index,g pot-1,percent,Synthetic
Winter wheat,F4,1,119.8,6.47,2.82,index,g pot-1,percent,Synthetic
Winter wheat,F4,2,120.1,6.01,2.61,index,g pot-1,percent,Synthetic
Winter wheat,F4,3,119.7,6.0,2.61,index,g pot-1,percent,Synthetic
Winter wheat,F4,4,121.1,6.23,2.6,index,g pot-1,percent,Synthetic
Winter wheat,F4,5,117.0,6.35,2.56,index,g pot-1,percent,Synthetic
Winter wheat,F4,6,116.7,6.01,2.64,index,g pot-1,percent,Synthetic
