calculation_id,formulation_id,interaction_type,replicate,interaction_energy,unit,data_status
F1-1-1,F1,NH4+-carboxyl,1,-62.3,kJ mol-1,Synthetic
F1-1-2,F1,NH4+-carboxyl,2,-62.4,kJ mol-1,Synthetic
F1-1-3,F1,NH4+-carboxyl,3,-62.2,kJ mol-1,Synthetic
F1-2-1,F1,PO4-mineral,1,-69.5,kJ mol-1,Synthetic
F1-2-2,F1,PO4-mineral,2,-71.3,kJ mol-1,Synthetic
F1-2-3,F1,PO4-mineral,3,-74.3,kJ mol-1,Synthetic
F1-3-1,F1,K+-aromatic surface,1,-34.3,kJ mol-1,Synthetic
F1-3-2,F1,K+-aromatic surface,2,-35.6,kJ mol-1,Synthetic
F1-3-3,F1,K+-aromatic surface,3,-35.5,kJ mol-1,Synthetic
F1-4-1,F1,Urea-surface,1,-27.7,kJ mol-1,Synthetic
F1-4-2,F1,Urea-surface,2,-27.5,kJ mol-1,Synthetic
F1-4-3,F1,Urea-surface,3,-25.4,kJ mol-1,Synthetic
F1-5-1,F1,NO3--mineral edge,1,-30.6,kJ mol-1,Synthetic
F1-5-2,F1,NO3--mineral edge,2,-31.8,kJ mol-1,Synthetic
F1-5-3,F1,NO3--mineral edge,3,-33.6,kJ mol-1,Synthetic
F2-1-1,F2,NH4+-carboxyl,1,-50.2,kJ mol-1,Synthetic
F2-1-2,F2,NH4+-carboxyl,2,-47.5,kJ mol-1,Synthetic
F2-1-3,F2,NH4+-carboxyl,3,-45.1,kJ mol-1,Synthetic
F2-2-1,F2,PO4-mineral,1,-83.9,kJ mol-1,Synthetic
F2-2-2,F2,PO4-mineral,2,-84.2,kJ mol-1,Synthetic
F2-2-3,F2,PO4-mineral,3,-82.8,kJ mol-1,Synthetic
F2-3-1,F2,K+-aromatic surface,1,-42.2,kJ mol-1,Synthetic
F2-3-2,F2,K+-aromatic surface,2,-39.7,kJ mol-1,Synthetic
F2-3-3,F2,K+-aromatic surface,3,-37.9,kJ mol-1,Synthetic
F2-4-1,F2,Urea-surface,1,-55.1,kJ mol-1,Synthetic
F2-4-2,F2,Urea-surface,2,-57.5,kJ mol-1,Synthetic
F2-4-3,F2,Urea-surface,3,-56.2,kJ mol-1,Synthetic
F2-5-1,F2,NO3--mineral edge,1,-40.5,kJ mol-1,Synthetic
F2-5-2,F2,NO3--mineral edge,2,-39.3,kJ mol-1,Synthetic
F2-5-3,F2,NO3--mineral edge,3,-43.4,kJ mol-1,Synthetic
F3-1-1,F3,NH4+-carboxyl,1,-52.7,kJ mol-1,Synthetic
F3-1-2,F3,NH4+-carboxyl,2,-57.3,kJ mol-1,Synthetic
F3-1-3,F3,NH4+-carboxyl,3,-59.8,kJ mol-1,Synthetic
F3-2-1,F3,PO4-mineral,1,-53.3,kJ mol-1,Synthetic
F3-2-2,F3,PO4-mineral,2,-54.0,kJ mol-1,Synthetic
F3-2-3,F3,PO4-mineral,3,-50.1,kJ mol-1,Synthetic
F3-3-1,F3,K+-aromatic surface,1,-44.5,kJ mol-1,Synthetic
F3-3-2,F3,K+-aromatic surface,2,-48.7,kJ mol-1,Synthetic
F3-3-3,F3,K+-aromatic surface,3,-44.1,kJ mol-1,Synthetic
F3-4-1,F3,Urea-surface,1,-33.2,kJ mol-1,Synthetic
F3-4-2,F3,Urea-surface,2,-31.2,kJ mol-1,Synthetic
F3-4-3,F3,Urea-surface,3,-31.6,kJ mol-1,Synthetic
F3-5-1,F3,NO3--mineral edge,1,-37.7,kJ mol-1,Synthetic
F3-5-2,F3,NO3--mineral edge,2,-36.2,kJ mol-1,Synthetic
F3-5-3,F3,NO3--mineral edge,3,-36.6,kJ mol-1,Synthetic
F4-1-1,F4,NH4+-carboxyl,1,-57.2,kJ mol-1,Synthetic
F4-1-2,F4,NH4+-carboxyl,2,-56.6,kJ mol-1,Synthetic
F4-1-3,F4,NH4+-carboxyl,3,-56.9,kJ mol-1,Synthetic
F4-2-1,F4,PO4-mineral,1,-78.4,kJ mol-1,Synthetic
F4-2-2,F4,PO4-mineral,2,-78.6,kJ mol-1,Synthetic
F4-2-3,F4,PO4-mineral,3,-78.0,kJ mol-1,Synthetic
F4-3-1,F4,K+-aromatic surface,1,-49.9,kJ mol-1,Synthetic
F4-3-2,F4,K+-aromatic surface,2,-51.6,kJ mol-1,Synthetic
F4-3-3,F4,K+-aromatic surface,3,-45.9,kJ mol-1,Synthetic
F4-4-1,F4,Urea-surface,1,-36.8,kJ mol-1,Synthetic
F4-4-2,F4,Urea-surface,2,-37.4,kJ mol-1,Synthetic
F4-4-3,F4,Urea-surface,3,-33.3,kJ mol-1,Synthetic
F4-5-1,F4,NO3--mineral edge,1,-40.9,kJ mol-1,Synthetic
F4-5-2,F4,NO3--mineral edge,2,-42.9,kJ mol-1,Synthetic
F4-5-3,F4,NO3--mineral edge,3,-42.2,kJ mol-1,Synthetic
