formulation_id,day,replicate,cumulative_release,unit,data_status
F1,0,1,0,percent,Synthetic
F1,0,2,0,percent,Synthetic
F1,0,3,0,percent,Synthetic
F1,5,1,16.6,percent,Synthetic
F1,5,2,14.7,percent,Synthetic
F1,5,3,12.9,percent,Synthetic
F1,10,1,26.7,percent,Synthetic
F1,10,2,28.6,percent,Synthetic
F1,10,3,25.5,percent,Synthetic
F1,15,1,38.2,percent,Synthetic
F1,15,2,38.5,percent,Synthetic
F1,15,3,37.7,percent,Synthetic
F1,20,1,48.2,percent,Synthetic
F1,20,2,48.0,percent,Synthetic
F1,20,3,50.3,percent,Synthetic
F1,25,1,55.9,percent,Synthetic
F1,25,2,54.3,percent,Synthetic
F1,25,3,54.3,percent,Synthetic
F1,30,1,60.6,percent,Synthetic
F1,30,2,62.9,percent,Synthetic
F1,30,3,61.0,percent,Synthetic
F1,35,1,67.3,percent,Synthetic
F1,35,2,68.3,percent,Synthetic
F1,35,3,66.4,percent,Synthetic
F1,40,1,71.8,percent,Synthetic
F1,40,2,69.8,percent,Synthetic
F1,40,3,70.8,percent,Synthetic
F1,45,1,75.6,percent,Synthetic
F1,45,2,76.8,percent,Synthetic
F1,45,3,77.9,percent,Synthetic
F1,50,1,79.8,percent,Synthetic
F1,50,2,80.2,percent,Synthetic
F1,50,3,80.0,percent,Synthetic
F1,55,1,84.2,percent,Synthetic
F1,55,2,84.0,percent,Synthetic
F1,55,3,83.2,percent,Synthetic
F1,60,1,84.0,percent,Synthetic
F1,60,2,86.5,percent,Synthetic
F1,60,3,85.8,percent,Synthetic
F2,0,1,0,percent,Synthetic
F2,0,2,0,percent,Synthetic
F2,0,3,0,percent,Synthetic
F2,5,1,20.1,percent,Synthetic
F2,5,2,18.5,percent,Synthetic
F2,5,3,21.1,percent,Synthetic
F2,10,1,33.2,percent,Synthetic
F2,10,2,35.7,percent,Synthetic
F2,10,3,33.8,percent,Synthetic
F2,15,1,45.3,percent,Synthetic
F2,15,2,44.5,percent,Synthetic
F2,15,3,45.7,percent,Synthetic
F2,20,1,57.8,percent,Synthetic
F2,20,2,57.0,percent,Synthetic
F2,20,3,56.9,percent,Synthetic
F2,25,1,61.0,percent,Synthetic
F2,25,2,65.0,percent,Synthetic
F2,25,3,64.8,percent,Synthetic
F2,30,1,70.1,percent,Synthetic
F2,30,2,70.0,percent,Synthetic
F2,30,3,70.8,percent,Synthetic
F2,35,1,78.4,percent,Synthetic
F2,35,2,74.8,percent,Synthetic
F2,35,3,75.6,percent,Synthetic
F2,40,1,82.4,percent,Synthetic
F2,40,2,80.0,percent,Synthetic
F2,40,3,80.1,percent,Synthetic
F2,45,1,84.3,percent,Synthetic
F2,45,2,82.6,percent,Synthetic
F2,45,3,84.5,percent,Synthetic
F2,50,1,85.6,percent,Synthetic
F2,50,2,88.3,percent,Synthetic
F2,50,3,87.1,percent,Synthetic
F2,55,1,92.5,percent,Synthetic
F2,55,2,89.9,percent,Synthetic
F2,55,3,91.3,percent,Synthetic
F2,60,1,89.8,percent,Synthetic
F2,60,2,91.3,percent,Synthetic
F2,60,3,91.9,percent,Synthetic
F3,0,1,0,percent,Synthetic
F3,0,2,0,percent,Synthetic
F3,0,3,0,percent,Synthetic
F3,5,1,13.6,percent,Synthetic
F3,5,2,9.1,percent,Synthetic
F3,5,3,12.6,percent,Synthetic
F3,10,1,22.1,percent,Synthetic
F3,10,2,23.3,percent,Synthetic
F3,10,3,22.3,percent,Synthetic
F3,15,1,30.3,percent,Synthetic
F3,15,2,29.6,percent,Synthetic
F3,15,3,28.6,percent,Synthetic
F3,20,1,38.4,percent,Synthetic
F3,20,2,37.9,percent,Synthetic
F3,20,3,40.7,percent,Synthetic
F3,25,1,44.3,percent,Synthetic
F3,25,2,45.5,percent,Synthetic
F3,25,3,43.1,percent,Synthetic
F3,30,1,50.8,percent,Synthetic
F3,30,2,51.7,percent,Synthetic
F3,30,3,52.4,percent,Synthetic
F3,35,1,58.7,percent,Synthetic
F3,35,2,56.8,percent,Synthetic
F3,35,3,55.4,percent,Synthetic
F3,40,1,62.3,percent,Synthetic
F3,40,2,62.4,percent,Synthetic
F3,40,3,62.3,percent,Synthetic
F3,45,1,65.1,percent,Synthetic
F3,45,2,67.5,percent,Synthetic
F3,45,3,66.2,percent,Synthetic
F3,50,1,70.8,percent,Synthetic
F3,50,2,71.5,percent,Synthetic
F3,50,3,70.7,percent,Synthetic
F3,55,1,73.7,percent,Synthetic
F3,55,2,76.1,percent,Synthetic
F3,55,3,73.6,percent,Synthetic
F3,60,1,75.9,percent,Synthetic
F3,60,2,76.5,percent,Synthetic
F3,60,3,78.2,percent,Synthetic
F4,0,1,0,percent,Synthetic
F4,0,2,0,percent,Synthetic
F4,0,3,0,percent,Synthetic
F4,5,1,13.7,percent,Synthetic
F4,5,2,14.2,percent,Synthetic
F4,5,3,15.1,percent,Synthetic
F4,10,1,24.5,percent,Synthetic
F4,10,2,22.9,percent,Synthetic
F4,10,3,25.6,percent,Synthetic
F4,15,1,35.6,percent,Synthetic
F4,15,2,34.5,percent,Synthetic
F4,15,3,36.4,percent,Synthetic
F4,20,1,44.8,percent,Synthetic
F4,20,2,42.7,percent,Synthetic
F4,20,3,44.7,percent,Synthetic
F4,25,1,51.3,percent,Synthetic
F4,25,2,49.6,percent,Synthetic
F4,25,3,52.2,percent,Synthetic
F4,30,1,58.0,percent,Synthetic
F4,30,2,57.1,percent,Synthetic
F4,30,3,58.8,percent,Synthetic
F4,35,1,64.4,percent,Synthetic
F4,35,2,63.0,percent,Synthetic
F4,35,3,64.3,percent,Synthetic
F4,40,1,70.0,percent,Synthetic
F4,40,2,67.7,percent,Synthetic
F4,40,3,69.1,percent,Synthetic
F4,45,1,72.9,percent,Synthetic
F4,45,2,75.8,percent,Synthetic
F4,45,3,70.5,percent,Synthetic
F4,50,1,77.4,percent,Synthetic
F4,50,2,76.1,percent,Synthetic
F4,50,3,76.4,percent,Synthetic
F4,55,1,82.2,percent,Synthetic
F4,55,2,79.7,percent,Synthetic
F4,55,3,82.6,percent,Synthetic
F4,60,1,81.9,percent,Synthetic
F4,60,2,82.9,percent,Synthetic
F4,60,3,81.8,percent,Synthetic
